subject	task_experience_response	task_experience_other_response	open_ended_feedback_response
53c04378fdf99b360e022d92	No	NA	NA
545cbbcafdf99b11ed040acf	No	NA	NA
5484949efdf99b0379939cc6	No	NA	NA
558955ebfdf99b6bd06016c9	No	NA	Thanks!
5589c7cefdf99b18bd86cf31	No	NA	n
559cb12dfdf99b4989fb18ed	No	NA	NA
55ae64defdf99b3f864653e7	No	NA	NA
55b0029bfdf99b5c00619440	No	NA	NA
55b249bdfdf99b28e3c14b05	No	NA	NA
55bb9ae7fdf99b26d27fda01	No	NA	NA
55beec67fdf99b6b670922f8	No	NA	NA
55c43918fdf99b080551e044	No	NA	NA
55c82012fdf99b02adc2a36e	No	NA	NA
55ea70c37480920010aa9982	No	NA	No
55f1c2aa32af74000b170065	No	NA	Not today
5607080ed7def20012b733c3	No	NA	NA
56210effed6e5a000ac7f3a5	No	NA	NA
56279953ddff3c0005bcdba9	No	NA	NA
5635d988dc62e5000bcb3eb2	No	NA	NA
56514c84715ff50011a43878	No	NA	N/A
568eca7be3ef9e000ca208fc	No	NA	My eyes glazed over very quickly. I took this test after work, so my eyes are tired.
56a38b45dbe850000cfd50c3	No	NA	NA
56a40b90582971000c7b49b7	No	NA	NA
56a93cf24020250005d62f2b	No	NA	NA
56b8de29e1d0a200051517f8	No	NA	NA
56d0f57421cd29000a9737e4	No	NA	NA
56d39b96da2aaa000dab6178	No	NA	NA
56e2d87a0756b2000da6303d	No	NA	I think the practice round was a bit too long.
56e77a8f38f932000a86e118	No	NA	NA
56ec151f388e1d000a5924d0	No	NA	NA
56fa002e8425ef000b3a4276	No	NA	thank you
56fc4404f758b80010affdbb	Not sure (please explain):	I think I did something similar to this where I had to use my right and/or left index finger depending on what I saw, as quickly and accurately as possible.	NA
570665aeac75a4000f94eddc	No	NA	NA
570b7b5fb9b52b00102d96f9	No	NA	NA
571643bbcd6ea20009dbb6b0	No	NA	NA
5726570ef2a83f000f6aea6d	No	NA	I accidentally used the > key for the first tests of the second round
575865ba7b74a80006de2689	No	NA	No comment.
5781c15381f331000139a89e	No	NA	NA
5786d6076475d400015a959e	No	NA	NA
57901207c9abeb0001af353e	No	NA	NA
57d0a0bee3221e00015fe385	No	NA	inquisit is the devil
57d6dd8d6598aa000199188b	No	NA	NA
57d714de813eb30001825ac4	No	NA	NA
57ff0e138f420f00011a5d0e	No	NA	NA
580a494da38f4a00012ebfdc	No	NA	NA
581bd344930a280001062c90	No	NA	NA
581d38509b5b8800014d507e	No	NA	NA
58211fc787f6b90001f13f90	No	NA	NA
5825e055e81ab100013f16ce	No	NA	NA
582c71a66ef28c00019a1068	No	NA	NA
583748dafb65a0000128b059	No	NA	NA
58380cb9f1faf8000129673a	No	NA	NA
583c47973f1540000163f02b	No	NA	NA
583f12f545073d0001fac52d	No	NA	NA
58935d5d4d77be0001689f14	No	NA	NA
58a43e029a17120001d910d5	No	NA	NA
58dd769642b8e500017159d5	No	NA	NA
58f76757fb4d7500014af761	No	NA	NA
59014ee029f42300013cc5b7	No	NA	NA
5928b6414a05920001393ecf	No	NA	Felt like I did better with my left hand even though I'm right handed
594936ad4152bf0001bfd5cd	No	NA	NA
594a964c215cbd000146de75	No	NA	NA
594a969df0ea1b0001558178	No	NA	NA
594ad91fa6fb8200018f720c	No	NA	NA
594c13bdb9380200018809c9	No	NA	NA
594c1e5a9160cb00011d6474	No	NA	NA
59598e604c20120001517c99	No	NA	NA
595c5846faf83d0001494a68	No	NA	NA
596fea64a5c32a0001584755	No	NA	NA
59715b4b50e2f000016fe00e	No	NA	NA
597761dfd5ddf60001d14b20	No	NA	NA
59a07638bfd73c00010ea394	No	NA	NA
59b0106d834a170001d6061c	NA	NA	NA
59d5c894c732930001d88b5e	No	NA	none
59d662aa0c0c7100015b9af6	No	NA	NA
5a01e188ab721b0001ef7134	No	NA	NA
5a04869ff2e3460001edad2e	No	NA	NA
5a348ea750833c0001ee9550	No	NA	NA
5a35ecbf57d4450001236fd3	No	NA	NA
5a4aef0b56ec1100014a3e76	No	NA	NA
5a4c1ecaefd8df0001d34305	No	NA	NA
5a4c358dac413f0001e608b5	Yes	NA	NA
5a5e94a7eedc32000142cd08	No	NA	NA
5a6ff39ef660ae0001a9837e	No	NA	NA
5a776b5aae9a0b0001a9631d	Not sure (please explain):	Done many experiments similar to this, but not exact.	NA
5a78dbb9ae9a0b0001a97212	No	NA	NA
5a78e410ae9a0b0001a97274	No	NA	NA
5a7ab4c0f1408d0001761db7	No	NA	NA
5a876665ae9a0b0001a9fbe3	No	NA	I had trouble telling sometime sif one of the shapes qualified as one I should have pressed the button for, but I hope my contribution stil proved useful.
5a8ac2d8f49c9a0001f3ab34	No	NA	NA
5a94ca1a873cda0001dc7147	No	NA	NA
5a98b39b89de8200013ef94f	No	NA	NA
5a99f17035237b0001128ff2	No	NA	NA
5a9dd8b1873cda00010d18c5	No	NA	NA
5aa3609e6475f90001a04905	Yes	NA	Thank you for the opportunity to participate.
5aa6e29435237b0001130d68	No	NA	NA
5aadbe52811b2000016f7633	No	NA	NA
5ab7c19e1667e40001d7cd93	No	NA	NA
5abe6156e1546900019bc55d	No	NA	NA
5ac4c730f69e940001d977e1	No	NA	NA
5ac5300f9534ba0001c7446b	No	NA	NA
5ac6ca185cd105000162499d	No	NA	NA
5acb69b70527ba0001c25872	No	NA	NA
5ad0f1934d061300011b0a4d	No	NA	NA
5ad7835e9c198c0001fad31a	No	NA	NA
5adef850eb60400001539109	No	NA	NA
5adf3828dee8590001b05860	No	NA	NA
5ae3a41d32ef52000131a531	No	NA	NA
5ae7f99bd5ec5e000175f097	No	NA	NA
5aee513f3606ab0001b92b29	No	NA	NA
5aee59100ccc2e000185937c	No	NA	NA
5af238825847970001e34baf	No	NA	NA
5af309960eca060001b15b47	No	NA	NA
5af491b6222e4d0001877572	No	NA	NA
5b066e00f58f8400018b0906	No	NA	NA
5b0cb441444cef0001ca5fbd	No	NA	NA
5b0eca46bd9c310001567c4f	No	NA	NA
5b15307351caaf0001228d9b	No	NA	no
5b182365316c630001abff4f	No	NA	NA
5b2913910ec82d0001d2578d	No	NA	NA
5b3e2334cdb4ce0001d93c51	Not sure (please explain):	Yes very similar but having to press different keys for different shape. Not this exact study.	NA
5b48a9e14acd54000132a67f	No	NA	NA
5b4a54b4ee41890001ae51b6	No	NA	NA
5b4a6e57d317a20001e2d051	No	NA	NA
5b5c8d4e10aec90001ed4bee	No	NA	NA
5b5d13d25256470001bc5ef2	No	NA	NA
5b666901f7798c000182c01c	No	NA	it was fun
5b6ba7cdda5066000131f002	No	NA	NA
5b76d0f5fca8d9000139404c	No	NA	NA
5b7c877f9dc643000172043d	No	NA	NA
5b9530390f85f600015705bf	No	NA	n/a
5b9dd322f074140001050095	No	NA	NA
5ba840da26605b00013c8119	No	NA	NA
5ba854ed7c0ebe0001272f2d	No	NA	NA
5ba855d47c0ebe0001272f70	No	NA	NA
5ba961b460f3d500016a2970	No	NA	NA
5bb7d8139b5f7e0001d43a6c	No	NA	sometimes i needed to hit tab in order to progress, but the instructions don't say that
5bb8740a0cb04c00014f72e9	No	NA	NA
5bbe6691ba8d7d0001951ef9	No	NA	NA
5bc0ac845a09ea00012e2d30	No	NA	NA
5bc0d0366aa4490001d8c359	No	NA	The second half of the test would not start for a few minutes, no matter how many times I pressed space or clicked.
5bc5356e65cfb8000154bd82	Not sure (please explain):	I have done similar tasks where I wasasked to press keys as quickly as possible after seeing images or text onscreen.	I have slight weakness in my fingertips due to rheumatoid arthritis.
5bcc60b95c2b810001dc68e2	No	NA	NA
5be2991826f9ec00013f6f40	No	NA	NA
5be299deca095c0001ba3035	No	NA	NA
5be31629e69dde0001a2fdd3	No	NA	NA
5bea832a4fbb6f00017ea3e9	No	NA	NA
5bf24404e938aa0001dfb845	No	NA	NA
5bf28a086d4c3e00014410f7	No	NA	NA
5bf4f905345b9b00016eda45	No	NA	There was a similar task I did involving the mouse and selecting the shape that was different from a group of 4 shapes while ignoring the colors, but nothing like this exact experiment.
5c060efc891bb4000121c377	No	NA	Thank you
5c06b3f64a2b7b0001c3c185	No	NA	Interesting exercise. Good luck with your research.
5c0a22affe40eb00016262b6	No	NA	NA
5c109903e6eb4e0001b29e44	No	NA	NA
5c134ee7e32f86000165ba0d	No	NA	NA
5c16e72c91defa000115c8ec	No	NA	no issues or additional commentary
5c17294778ee390001ab19e5	No	NA	NA
5c172ff811fe9a00013e2252	No	NA	NA
5c284ae48e845b0001fc40aa	No	NA	NA
5c28e9dfda51990001e3204b	No	NA	NA
5c2a92b4b8e5f900015b3f58	No	NA	NA
5c3a925919ceb400010c9344	No	NA	NA
5c48ca334635bf000171c13f	No	NA	NA
5c4e3977c0783c00016936f9	No	NA	NA
5c4e9bd1818d4d00013e8859	No	NA	NA
5c535974b7cf140001d308d3	No	NA	NA
5c573f18d3cc6b0001d9dbc3	No	NA	NA
5c58e01e6f4ec5000164c35a	No	NA	NA
5c5a19299404f10001ff8cbf	No	NA	NA
5c64189eede39b0001c39e61	No	NA	NA
5c65c74edbd74600014664cc	No	NA	NA
5c6ac9e5d9c5be000174497f	No	NA	NA
5c6b4a3da5064f0001e8b0b1	No	NA	NA
5c70ec7954de160001af45d8	No	NA	NA
5c78b032419dcc0014119082	No	NA	NA
5c797e227fd8050001c3fe07	No	NA	NA
5c800507a1d4b900114f28c4	No	NA	NA
5c92cda483617d0010bef1b8	No	NA	NA
5c958b7bd676900001e1a73b	No	NA	A progress bar would be nice
5c9a7872e2a8d00001585513	No	NA	NA
5c9a7a644a640200171c0cc2	No	NA	NA
5c9ebf067114700016da2813	No	NA	NA
5ca4bade374f11000118f010	No	NA	NA
5ca5181bcaf0100001c13705	No	NA	NA
5caa7f8c0d95570013d82f2f	No	NA	NA
5cab7cc86d3a6e001519d9e9	No	NA	NA
5cb568ebf0e31e0017d9bf32	No	NA	no feedback
5cb5ff63931852001cf69b28	No	NA	NA
5cbb78d664170f00011d7c4f	No	NA	NA
5cc489df3e74d80001198974	No	NA	NA
5cc5e72ce3c44e0015fdf990	No	NA	NA
5ccba9db385fbf0001f55fd6	No	NA	NA
5ccc60abe787e000167f8143	Not sure (please explain):	Different task similar set of rules	No additional feedback
5cd01055c24ebe0001f9fd40	No	NA	NA
5cd063ce657e300016f6c95a	No	NA	NA
5cd3ff1ac99584000199dd15	No	NA	NA
5cdad620eae6f70019d4e950	No	NA	NA
5ce203d24cf9960001797537	No	NA	Some of the left hand answers I ckicked """"z"""" but instantly realized it was incorrect
5ced82e372abf2000174775e	No	NA	N/A
5cfb5233df7d70001619ca90	No	NA	Great.
5cfe7510d987a800178eab1a	No	NA	NA
5d0a7c784cf0d90018b049c6	No	NA	NA
5d10102523f6320017c63e07	No	NA	NA
5d1534993fa4550019cf8aec	No	NA	NA
5d158f6419d2ed0001e2120c	No	NA	NA
5d16c3c940218700189a0f04	No	NA	NA
5d17a2c94d7eea00170c3aca	No	NA	NA
5d193535601cd70017727028	No	NA	NA
5d1ba5653788ac0019ced548	No	NA	NA
5d1beb9c9e033e0017a725dc	No	NA	NA
5d1d0270601cd7000172942f	No	NA	NA
5d1e2045a37a4d001a1fc2cb	No	NA	NA
5d22a2a5d75330001a7a3cc2	No	NA	NA
5d269fedf6dec40019b87a59	No	NA	NA
5d296b94d7d4940015e62ca6	No	NA	NA
5d2a3561d3edf900018016a1	No	NA	NA
5d2fbee1fb16450018a7a023	No	NA	No comments
5d332957d0635b00013bd785	No	NA	NA
5d33df509ce6590001010852	No	NA	NA
5d3522b6eac3d50017df02cb	No	NA	NA
5d378df21acda30001e7191e	No	NA	NA
5d3cc9010e510a00013df6f6	No	NA	NA
5d3df9b23bf3780015abf56f	No	NA	NA
5d44b06e62ed9000017ad64c	No	NA	NA
5d48fcc5643eb80001fb43fa	No	NA	no
5d49fbb01da04c001a407042	No	NA	NA
5d4a476144cb2200195e96ad	No	NA	NA
5d4b14caed2dfc0001a22c1a	No	NA	NA
5d4b265b72db9d0015e8aac6	No	NA	To proceed to the next screen, I had to press shift+space at times when the experiement page instructed to only press the space bar.
5d4cdc63ec9aa0000112ae43	No	NA	No
5d5315f889849a0001a76d1a	No	NA	NA
5d53bffa147a7d00015aae5a	No	NA	NA
5d54beb0c15b0700018d0211	No	NA	NA
5d5be747b80b900015eda31e	No	NA	I can do absolutely nothing with my right hand.  Exclusively left-handed.
5d5dc2d37bfc8400013b653c	No	NA	had fun
5d62ac66d989a40018236bbf	No	NA	NA
5d6513f46f5284000118ef1d	No	NA	None.
5d76d2f7daf4bf00164d585b	No	NA	Was super hard to see the smaller shapes. Had to assume the """"fatter"""" small shapes were the circles and squares, but I was never sure
5d7850851841fc0001e9c64d	No	NA	NA
5d7cefc73f9ae70018b400f1	No	NA	NA
5d7e7207461e51001c5c236c	No	NA	cool study
5d7f79e7e41ee70018d9164a	No	NA	NA
5d847ac9be4b0b00188463d7	No	NA	NA
5d859977611c9700152f11a1	No	NA	No additional feedback.
5d8793d36c53380015139da9	No	NA	Thanks for letting me participate!
5d8a29c082fec30001d9c24a	No	NA	Thank you for the study!
5d90298097a2130015f3fa3c	No	NA	NA
5d96eeed1998fb00177f6b71	No	NA	NA
5d9f5c0702dca80018822b8e	No	NA	NA
5da23c68cf775d001724d361	No	NA	NA
5da360b12e89480010ef417a	No	NA	No comments
5db1142453bf830017fc744c	No	NA	NA
5dbf704fa3f5cb40876271fc	No	NA	NA
5dc7870428e0d566b626bcb9	No	NA	NA
5dc87423f9d4a05edf6fa10d	No	NA	NA
5dcb685070d51c8275d7bd54	No	NA	NA
5dcc3ec7db13278d75c8622f	No	NA	NA
5dcc5fee28e3148e8009491e	No	NA	NA
5dcca2db88381e92c96b9ac5	No	NA	n/a
5dcebf4ad2c3e0000ab3debe	No	NA	NA
5dceeba4144b510411fb4566	No	NA	Right at the start, the experiment took a little time to load, and I had thought it had frozen, so I did hit the escape key (but didn't exit the experiment).
5dd0749782569a156ed4f658	No	NA	NA
5dd0840cf83c9f1603dcf0e8	Yes	NA	I just answered the previous question wrong by accident. I have NOT clicked the keyboard based on shape before.
5dd3285739bca132e4786d37	No	NA	NA
5dd43c63390fb6428d4974f0	No	NA	NA
5dd91a879dac7c8a7a36fecf	No	NA	NA
5dd95432cf08aa8dc50bb42a	No	NA	NA
5dd984381096ea907a3272f2	No	NA	NA
5ddd1dd2b48da3c63a3ccdbb	No	NA	NA
5ddd92855daaa6d095854780	No	NA	NA
5de33ff0cc246f3633dc01d2	No	NA	NA
5deb3c192235ad24f4a21826	No	NA	NA
5decaac46e09cf3792805023	No	NA	NA
5dededfd2f942d492d0e36d7	No	NA	NA
5dedf0483711364928753ecd	No	NA	I was born left handed but I eat/write with my right hand.
5dee896cf87f5552d3cd6502	No	NA	NA
5dee933631a7e05381da6b02	No	NA	NA
5df0eb850042e812ca51313a	No	NA	NA
5df15bc3361a8506b94f79ed	No	NA	NA
5df180b59b92b1098c0d5818	No	NA	NA
5df2f36b617219204de98060	No	NA	NA
5e0047b3a99550c62bda2dd6	No	NA	I could almost feel my brain having to think differently when using the slash key
5e08d48b7bf5721d51467348	No	NA	fun survey!
5e0a434b8676812de85037c3	No	NA	NA
5e0d6dee4f40fb4f60fc0494	No	NA	NA
5e10d288a2c6967a2c655aad	No	NA	NA
5e18241da01d35102555c69b	No	NA	NA
5e1b9951be8d633cb531644c	No	NA	NA
5e1f7b2a4c9b832b34e7c9d3	No	NA	NA
5e217a34e8ff3a469b5dfebc	No	NA	That was bvrutal lol But fun thank you happy New Year.
5e25ea083d2e1b82e39c0a1d	Not sure (please explain):	I don't think so, but I have done something similar	NA
5e26762aa8c1118a9d578c4d	No	NA	NA
5e276da673bc15084160abd3	No	NA	NA
5e2b4e61a7f804000a55eee7	No	NA	NA
5e2e7d79acf5fe45b62f859a	No	NA	NA
5e387f2c0d70ef099d5e5a4f	No	NA	NA
5e38e79295ff561112eae457	No	NA	NA
5e3d775ce78aa1034d81f20d	No	NA	NA
5e3dff6b8714b707b9a258b0	No	NA	NA
5e44cd061aedc43572ba58b3	No	NA	NA
5e455faf462e0802d9d9c3e2	No	NA	Dominant (left) hand felt more natural in task completion.
5e46d70ab1f1c5000d96800d	No	NA	NA
5e4a1730c94447480594cea4	No	NA	NA
5e4a2f23f64db74915406236	No	NA	NA
5e4b793f03c92a08a6d28e3f	No	NA	NA
5e4c86f49b48ae0c4af25e8e	No	NA	NA
5e4d2e7f6603cd16888864e7	No	NA	NA
5e4e844553bc702cdf68404d	No	NA	NA
5e5220711b676824eb24c172	No	NA	NA
5e52411c31127d26040f4d3c	No	NA	NA
5e53eb33ef87a902f39b1b77	No	NA	NA
5e544727059e3744ccdd4c3b	No	NA	NA
5e56a66121583601d3c3526a	No	NA	NA
5e5731e3e1e8b90e25c1f3a2	No	NA	NA
5e62dbd8142c3c08017d8728	No	NA	NA
5e63e793e50a6316a75213c4	No	NA	n/a
5e63f502ff4913000ce60513	No	NA	NA
5e6813ada1c2de09bc51d9b2	Not sure (please explain):	I've done about 9000 studies over the last 3 years between MTurk and Prolific. There's no telling if I have or haven't, as a large portion of those are reaction time studies.	NA
5e683c4d6ca0f9000d3f35fe	No	NA	NA
5e6d07de9cf1952cdc94bf61	No	NA	NA
5e6ef5fbf14d264ae2ef3867	No	NA	NA
5e6fca371814a4594af2f420	No	NA	NA
5e7129105f07e2038154621a	No	NA	NA
5e753ccd65c9670a250a019b	No	NA	NA
5e761a1c409bdd17b294f631	No	NA	NA
5e76ea9839c4412605dd2070	No	NA	That was harder than I thought it would be. Still fun, though!
5e7d09e7f0a5a00c4a1ccf96	No	NA	NA
5e7fefe06c12706d47e35211	No	NA	once or twice i clicked the slash/x button when i didn't mean to (instinct) but i was doing my best!
5e820eb36551aa02fd72e1dc	No	NA	NA
5e8a69c836bc63718a82cb90	No	NA	NA
5e8cc937ee95da07853f938c	No	NA	NA
5e974eb244b6d01f4117d2fa	No	NA	NA
5e9aa65a9d211b140b6919f7	No	NA	NA
5e9b5d5193295f05c902b8d2	No	NA	NA
5e9f29c46a466e0a35c28dea	Yes	NA	I am predominantly left handed but I am fairly ambidextrous.
5e9f877ee0b0960f3d2b6d30	No	NA	NA
5e9fb7abfd5f41161dd5e86c	No	NA	NA
5ea3694d838a642e5790ec0a	No	NA	NA
5ea59a7f050d8e584db8fc9f	No	NA	NA
5ea70b0537c5170b90ece8ac	No	NA	NA
5ea8154dcfd4dd20473ed88e	No	NA	NA
5ea89d0c5a0a9c12978f8263	No	NA	NA
5ea9d795dec14d13eb7af3d9	No	NA	n/a
5eae37af3ac6885048af8db3	No	NA	NA
5eaf6d165753b3670ba59587	No	NA	NA
5eb6df62c23fbf5e87db6b4b	No	NA	NA
5eb9af967fbf4b0d17bbe946	No	NA	NA
5ebb96b6cd673a0008ace9ce	No	NA	N/A
5ebd28d1daa4d019c5223494	No	NA	NA
5ec17a2e02be030625eaff6e	No	NA	Glad for the change in pace :)
5ec3fd9d5bfab129aab8ea76	No	NA	NA
5ec49137e7928537488485ea	No	NA	Nothing at this time - thank you!
5ec59e86c9569f5e8000717b	No	NA	NA
5ec6963cbd8f9609fa549c29	No	NA	NA
5eca8de81197051fa92b5a6a	No	NA	NA
5eced6d2509c242ecfef72f6	No	NA	NA
5ecefd67a52fd0326edb9104	No	NA	NA
5ed53833cb34a1098e5e2bce	No	NA	NA
5ed856ab1f4a23368be98b1a	No	NA	NA
5ed85fbefd7ffe37615b73a4	No	NA	NA
5ed9711cfca3941553f2cfd8	No	NA	NA
5edd2225676334a0e631b7d0	No	NA	NA
5eddb464a77718acaaa72ab5	Not sure (please explain):	something relatively similar	NA
5edf222d1b8bce1bdd61cd2d	No	NA	NA
5ee256134d95f435aa78964e	No	NA	NA
5ee7f5443496da0e8d2203b9	No	NA	NA
5eea8c867fc2f31a422f3332	No	NA	That was hard! Haha!
5eebe4e6e61002183aec9b70	No	NA	NA
5eecf1789af5910cfeb71b53	No	NA	NA
5eed22ef1537c7128cca6aaa	No	NA	NA
5ef37831c37ebb0bbd2d3e03	No	NA	NA
5ef3832ddd7d5a0f19b24f20	No	NA	thanks
5ef42ba59401801d9f859e2d	No	NA	Great Survey Thank You
5ef4b8cf1f15df0ae9c7a706	No	NA	NA
5ef517ab79cf2c15b7452eda	No	NA	NA
5ef6601481666334a551ebe7	No	NA	NA
5ef8a12a3d2f1501130a10fe	No	NA	NA
5ef90b249bafa50a311593ae	No	NA	NA
5efaffccf90911000c95a3cb	No	NA	NA
5efbdfe2d66b1418c2ba858a	No	NA	NA
5effca0389eb590c6eed8d4d	No	NA	NA
5f033adcd2fab64efd3502d2	No	NA	NA
5f07b62e0e3ac43ea9d490c6	No	NA	none
5f0d80235538920188691da0	No	NA	Thank you and I hope my contribution helps.
5f0f5df48a1b1a114c3dacc5	No	NA	NA
5f129bc4329d461f67269693	No	NA	NA
5f130f09fb14da018aa6bd19	No	NA	It made me dizzy
5f13c80de764c617c6b83856	No	NA	NA
5f14606495f8a710716e860e	No	NA	it was very difficult to see the shapes
5f16c677bc5f86028f33fc62	No	NA	NA
5f18a43ed0b0db0b6f0fc067	No	NA	NA
5f1fec6a43c2810190bb090c	No	NA	NA
5f20958e8fd66c3a46f2a8ed	No	NA	NA
5f2280c4a4474574b3704136	No	NA	several times on the left hand after hitting z I realized a smaller shape I thought was a square was actually a triangle and I simply clicked too fast
5f22bdb732432502a2615f3f	No	NA	NA
5f24993238b9f80892adf099	No	NA	No
5f289485f876761d798df65c	No	NA	NA
5f2afd90fcefd547f0ee556f	No	NA	NA
5f2d53adba96c505ddce8cca	Yes	NA	NA
5f2dad07a2eef40aaef6edb6	No	NA	NA
5f2f0cf0d71f252d5f27fd43	No	NA	NA
5f3847dff97940117558fe41	No	NA	NA
5f3aff819bf5ad209a13d568	No	NA	NA
5f3c23cbcee6b3a3c4faff76	No	NA	NA
5f3ca79ef7a589000aec48a8	No	NA	NA
5f3d42de03555c0832cbef73	No	NA	NA
5f418cefd9276f12b4facdaf	No	NA	This was fun
5f42167916548e3e557a1e6a	No	NA	NA
5f43f77111f9d6135624012a	No	NA	NA
5f48c192be8b6224c26c3e50	No	NA	NA
5f49f3262a3d07563d14a7f1	No	NA	NA
5f4d296913fe2f98d46f520c	No	NA	NA
5f4d3cb5fdda0b2c403fb801	No	NA	NA
5f4d53f96aa639a0d605052e	No	NA	NA
5f4e7311fe19f004679bd5c0	No	NA	NA
5f4efbf90b8cc113d26921a4	No	NA	NA
5f4f1795c7230316afc2b88a	No	NA	NA
5f4fd146ee39f70f490889c9	No	NA	NA
5f500418133110165a1539a9	No	NA	NA
5f504fd2cc049d1cbf29c40d	No	NA	NA
5f50732850c7c600098593df	No	NA	NA
5f50b1bbe29c992335098fb1	No	NA	NA
5f556bd46e6c4c93a5a90c77	No	NA	NA
5f67eb3f24636b4105db4826	No	NA	NA
5f6aacb57829231956ac4fdc	No	NA	NA
5f6b8930b9d9530b1b065360	No	NA	NA
5f6d0c1efaad4d16c44fdd6d	No	NA	NA
5f77e8c2d3a6412174d44f04	No	NA	NA
5f7adf44d2ddfa74d5019c3d	No	NA	NA
5f8120ed0c4ed61e386b4302	No	NA	I got a bit tired during the test
5f81c992a0cd54099ebcfe6a	No	NA	NA
5f877e0715f8781a0c7c3ab8	No	NA	NA
5f878ac24e7e5f1ba4237c09	No	NA	Maybe make the practice round shorter, this isn't a complicated task.
5f88dbd56a6aff03a935b5f8	No	NA	NA
5f898a035298a803c5a7b8d1	No	NA	NA
5f91d9adb450ef0b0940c4bd	No	NA	NA
5f933204ec8f5f0df7afa903	No	NA	NA
5f94a8e7fa8c422fc88940b0	No	NA	NA
5f95a44920f542417f4263cb	No	NA	NA
5f974c72a0ed8c0f9ce724ea	No	NA	NA
5f99dafa8e84910baf8acc99	No	NA	NA
5f9b38f233305e3307c04b30	No	NA	No
5f9d53c5a1f16e2576a935ed	No	NA	NA
5f9d6c8b87770828f1f08fbe	No	NA	NA
5f9fb315ae6f085ff96c0cac	No	NA	NA
5f9fdfd04296cb0102563f84	No	NA	No
5fa0ec6d81b63717a99bcb31	No	NA	NA
5fa4c21a04bc5912180291bc	No	NA	Was it intended, for the prompts to flash on screen for only 0.26 seconds?  (Ha ha ha.)
5fa4f94e535f3b1aa628e0ab	No	NA	NA
5fa61868040ad62058998acd	No	NA	NA
5fa8300f0967d163ec3c05c3	No	NA	NA
5fa86899f519ba6f291dbf41	No	NA	NA
5fadf5e96dca762321e01668	No	NA	I usually use utensils (spoon, fork)
5faefcc22be93b11829e84df	No	NA	NA
5fb0a3d6a8e4224b973e750b	No	NA	NA
5fb142fa3d818059f4cd5497	Yes	NA	I felt like I did better with the first part then the second part. I was quicker to trigger the button for the slash and was wrong more than with the z.
5fbd371dc57ae80a38ba00c2	No	NA	NA
5fc150bd290b5717801b5821	No	NA	NA
5fc30c35704ddd267cc9123f	No	NA	NA
5fc3d41149c0c8728f07b95b	No	NA	NA
5fc4231050130c35759881d3	No	NA	NA
5fcbe82a12a0c80009d6e9cf	Not sure (please explain):	I have done reaction-type tasks like this before, but not this one specfically.	I think everything seemed to work fine for me.  I wish I had faster reaction time.
5fd15934025b991384ef1116	No	NA	NA
5fd53e2d08163d37f7cb72f6	No	NA	NA
5fd7782dee03dc08d3f3f491	No	NA	Thanks for the fun study
5fdd6ae284b3a9449c87a064	No	NA	NA
5fdd7f9dc9707d4090fcc4ed	No	NA	NA
5fe354a2e44df4fb4634bbc3	No	NA	Thank you for allowing me to participate!
5fe3b66ad42dc508212bb4bd	No	NA	NA
5fea48067b84d356b168b452	No	NA	The flashing images were slightly jarring and uncomfortable. Felt like a strobe light. Maybe that's just me though.
5fea7e34e1506a5df25419ec	No	NA	NA
5fea9f4983f6afa8281acf14	No	NA	NA
5fec281aeae543d80d09fbc0	No	NA	NA
5fed6c9c0d786daf31f29f3d	No	NA	NA
5fee2749ad8fba1104bd0f5b	No	NA	Much appreciated the experiment needed me to hit space to advance instead of just going.
5feff5d30ad48b39d17b9c25	No	NA	I thinkm I psyched myself out a few times
5ff0e3319cc6b3ff560a1d4d	No	NA	NA
5ff2240a2f567121402762e6	No	NA	none
5ff8809f2fb33a080538e448	No	NA	NA
5ff8f00e24c6e01cfca56f49	No	NA	NA
5ffc8fc485e2830b502149f3	No	NA	NA
5ffc9218eb4ab30bbeb6c301	No	NA	NA
5ffef0a1255d0c5fd3bdfd6a	No	NA	NA
600c3219a434df2de6427feb	No	NA	NA
600c63a5dfb7171357a02440	No	NA	NA
600dcdff34fef66077146d8e	No	NA	NA
6015b00e728ff80d142947d7	No	NA	NA
60163bb2b88fc70a66a6052b	No	NA	That was fun!
6016f95c56f32e8df6e841af	No	NA	NA
60175a2c2d7cc99cb9f4049c	No	NA	NA
6018a5c0e1600b187ccb8693	No	NA	NA
601d69a993d94008fb2b25dc	No	NA	NA
602348484d326a1c5aa80bb7	No	NA	NA
602a8f9033061909d48b1d04	No	NA	This was kind of fun
602d71e6fe40c079523df438	No	NA	NA
603032b2b88b07e8aceb10c4	No	NA	NA
60306cf6330619ee41fa3cd2	No	NA	N/A
603adebb5cdecc77ccba8c5e	No	NA	NA
603d6ae665fbaacb5621ede2	No	NA	NA
603e97154847faf7531b40b6	No	NA	That task was harder than I thought it would be.
60413ee98b05db0b2f74a0c7	No	NA	really cool!
6041d51ff984371e3b18172d	No	NA	NA
6045267ffa48c161ab686843	No	NA	NA
6049273b7b4f029ba1c44e6b	No	NA	NA
60529400a89602a956010696	No	NA	NA
605794cd71c6264c6798181b	No	NA	NA
605867abaf0023b996742de2	Not sure (please explain):	I have done the test for ADHD where you are supposed to click if a certain letter pops up on the screen! I am unsure if it is relevant but wanted to include it just in case!	Fun study! The images do show up fairly small on my computer screen, so if it wouldn't effect the study, it would be nice for them to be a bit bigger :) Thank you!
6060a822ebad58844bb482f1	No	NA	NA
6060cc2bf9ba38d90b1a6f12	No	NA	Thank you for the opportunity to participate in this study today. It was challenging, but everything in the study worked just fine and was clear as well as easy to understand.
6063a680ba3790e15ab14ba9	No	NA	NA
6068f61c52d7168e0c8b049f	No	NA	NA
60734853295f4a6404bbf27f	No	NA	NA
60737b97d01c3800e734921d	No	NA	NA
607778a26ff3de83125f50c5	No	NA	NA
6079ff1600ff2b7455e1c3e0	No	NA	NA
607d6ad963c2b4e855ae2a06	No	NA	NA
607dc630d2d30aa7e8699c23	No	NA	NA
607f1e19b195cdd04a669958	No	NA	NA
608349d97d46ab71fc6c7111	No	NA	NA
6089714497c6a46ebdf12234	No	NA	NA
60897a1d66afbbe1bb33a8e2	No	NA	NA
608c75be6bf5ca1f23ab35ad	No	NA	NA
608f2aa883599160c8b87a79	No	NA	NA
6091ab55ea2e97910519f8e7	No	NA	NA
6091ebb375f9f6e9e1acaef8	No	NA	NA
6095e4f37b49956d05961a4b	No	NA	NA
609b6c918ad180505fefd919	No	NA	NA
609be3207792bc09e989b7e0	No	NA	NA
60a1e1f4a3707c983a98f185	No	NA	NA
60a55d4bb6bd9be6c95b89eb	No	NA	NA
60a8343c2e4dd727c4833eb6	No	NA	NA
60abd5ba97921106bca53aff	No	NA	NA
60abe580aa82f25a7acc9800	No	NA	no
60aed7ba3afc3974acad86d3	No	NA	N/A
60b7d18beb67181cd97d7ac5	No	NA	NA
60b8242021561f7827855c02	No	NA	The very first time I had to hit the spacebar to start the experiment, hitting the spacebar did nothing. I just started touching random keys until it initiated. I am not sure which one caused the experiment to start. After that, the spacebar always worked fine. I am not sure if it was an issue on my end or the experiment program.
60b84b68ed2ba90d5d1a4dea	No	NA	NA
60b8ae101ff97c46f787f1a8	No	NA	NA
60b8e59ef963cd7c6989cd37	No	NA	NA
60ba2ffd080107de026041d3	No	NA	NA
60bd80a54df9675c7f842774	No	NA	NA
60bfe979f044ae9801bac501	No	NA	NA
60c0eae0a61a05f2b626b6de	No	NA	NA
60c2341fe95d71ee52c043f0	No	NA	The time was very fast, although that's probably the point of the study.
60c57903a2db0249ed2779b1	No	NA	NA
60c739d1b402ae0d42b37c66	No	NA	none
60c80c19de11452191e78dd5	No	NA	NA
60ca13ec0bc197cf1fdef3d7	No	NA	NA
60cbe4524cab3b049343d0bd	No	NA	NA
60ce9fa3d9f9a088647a62ba	No	NA	maybe give a little countdown before the first one or have to press space again after the instructions
60d099f849987e86824eedcd	No	NA	NA
60d2d061fd054556769ca306	No	NA	NA
60d5ff02fef54b0399953c12	No	NA	It moved a bit too fast for me but maybe that was that how it was supposed to be
60dbdcae2b7d4cbb2e4f4dd2	No	NA	NA
60ddf5abb47cc02285793096	No	NA	NA
60de276a5092ec038a2f6e9b	No	NA	NA
60ded53d38608c2fa0d1ac4f	No	NA	NA
60dfc07ddcd24dcc266d8690	No	NA	Accidentally pressed """"/"""" on one of the """"/"""" tasks.
60e1d5f866e681d7e33fd01c	No	NA	NA
60e2600a329d5ebfcb54b413	No	NA	none
60e49c6274c1be146fa85140	No	NA	NA
60e5d47e17c05633eef565e3	No	NA	NA
60e9a7f84a3753e10e5f6cab	No	NA	NA
60e9b19b0104bf65f6a92237	No	NA	NA
60ec54c58f88686dadb1a0c9	No	NA	NA
60ed0e7149a025da16189d35	No	NA	NA
60edaf90d8aa718a66510d04	No	NA	ty
60ef3f426b987fbae520369f	No	NA	NA
60efa510e3cdfbbf4d7c355b	No	NA	N/A
60f220d48c23d4dc97c65d79	No	NA	the sizing was super small and it was confusing to have the trial end the second i made a response
60f31196cf392939a843ab34	No	NA	NA
60f39f67a5c2c9e50ce470ee	No	NA	NA
60f5f8769fc9289a9e518129	No	NA	NA
60f6d47e13b6f6b93d860dfe	No	NA	NA
60f6de25f86ba8d688779946	No	NA	NA
60fc2ec58ad0da367daee3c1	Yes	NA	NA
60fc9ce95a59b3400b38e2a7	No	NA	NA
60fcaa7ac117649e189a3ee1	No	NA	NA
60fcc58f020a0d9d03ce0e2e	No	NA	NA
60fcd9368e8d2b8740cf9251	No	NA	n/a
60fcd954f5ff1656599b53c9	No	NA	This task was far more difficult using my right index finger. I'm left handed in every aspect.
60fcdb6cf1d45f7a16312fc7	No	NA	NA
60fce7c3094706567dd1870b	No	NA	NA
60fcecd8418cea3fb530ddac	No	NA	NA
60fcf6b8fcdfa822c55aaed7	No	NA	NA
60fcfde0b6d21806e06b54f2	No	NA	NA
60fd021e842d3a8a5a139787	No	NA	NA
60fd592929e8016e53a167a6	No	NA	NA
60fd6607e7beec3c98d994b1	No	NA	NA
60fd6697546be8a6eb141693	No	NA	NA
60fd6b02340bf3233276eba9	No	NA	NA
60fd9503ae873e5130672bc0	No	NA	NA
60fd9531d59bcac5313f6345	No	NA	NA
60fda57e0916dfe2157c9b00	No	NA	NA
60fdba7db052ac0601a52893	No	NA	NA
60fdc00564398d684985cd61	No	NA	interesting!
60fdd05b929c578ed3bed54a	No	NA	NA
60fdd60f32a7b191d931f514	No	NA	NA
60fdd7ce470f6c1005cb87cb	No	NA	NA
60fde1373528bb0609bd16b8	No	NA	NA
60fde4a578cf2748430c899c	No	NA	NA
60fdf5e83b1de9a21e8ef4e5	No	NA	NA
60fe07f8bf59907b6249b488	No	NA	NA
60fe1a1aef4770645874259f	No	NA	NA
60fe204fae558bfeb83d0bcf	No	NA	NA
60fe20c9f8933cf0d7349657	No	NA	NA
60fe416249894ff6470c2dd4	No	NA	NA
60fec21e36a05990cfa8a715	No	NA	NA
60feceac7002ddcf44f40a12	No	NA	NA
60fed192ae37691d25db0d6d	No	NA	NA
60feeffdd94575eb62a4e011	No	NA	NA
60fef6813613ab668c778a8a	No	NA	NA
60ff18bdffbecdc08f0ff60f	No	NA	NA
60ff5f95b4b604bb19bd526a	No	NA	NA
60ff6b0720fb724536710e7a	No	NA	when i first attempted the task, pressing the spacebar did not let me progress to the practice run
60ff7e913a2ea98fff1d0cf3	No	NA	I found the second half of experiment (use of slash) was more difficult.
60ff8160e8f2227f8b200510	No	NA	NA
610021722370e2775864eb81	No	NA	NA
610023887596a5c3c4c5c3cc	Yes	NA	NA
610024bfd6e1038ba3b1601d	No	NA	I think i forgot to put my Prolific ID in in the begining it is 610024bfd6e1038ba3b1601d
610029996e066062efad0014	No	NA	NA
61002c88afbf9f75e079b6e8	No	NA	NA
610047b6625158629496c7cd	No	NA	NA
610047b91150f99de033112c	No	NA	NA
61004e962509f21ce295df3d	No	NA	I had to restart my computer to be able to use this app. It wouldn't let me open my files or click next on your survey.
6100511e208bbea9bfc3154b	No	NA	NA
6100544802b385d8df434779	Not sure (please explain):	I've completed something of a similar nature (i.e. implicit biases tests, inattentive test for ADHD)	n/a
610056c4a96ee61f6c0136da	No	NA	NA
610071e2de637700bf0cd8fc	No	NA	NA
61007d09430c3904b407fabb	No	NA	NA
61008053a174bf7b075c75ff	No	NA	NA
610083ae4ea9427f69624636	No	NA	NA
6101930ddd5330f83b898c61	No	NA	NA
61019ecfc479810360afbd54	No	NA	NA
6101ceb34a3a20c05e35511d	No	NA	NA
6101db15d4eefc0ed011e3c3	No	NA	NA
6101ea599d7b137f326399c8	No	NA	NA
6102dacce29b57b1e268c13a	No	NA	NA
6102f78ac1791768db58ed54	No	NA	NA
6104289309ef2b016976b059	Yes	NA	NA
6104b1c50f6057c1d8a6e3a6	No	NA	there was a little delay to move onto the second half of the task, maybe a tech issue?
6105a3ab3439f5af30a3777b	No	NA	NA
6107347165f348732878f7f3	No	NA	NA
610735660c7ea715d047205b	No	NA	NA
61076f4e081a7f76a8484506	No	NA	NA
610773e76386035bb06c5b7f	No	NA	NA
6107f51b2c474ccbd0b42832	No	NA	NA
610810c0356aacedc8cbc6f0	No	NA	I hope that was supposed to be difficult haha
610810dfb6e2212896f5d084	No	NA	NA
610819ada1b835311df28e37	No	NA	NA
6108553abbf7a922fb6cfa3a	No	NA	NA
610855877c8363d76b3e6338	No	NA	NA
61087e4fc006ee7d6be38641	No	NA	NA
610898813e48dc2864965122	No	NA	The study seemed to freeze for a second in the middle. Pressing spacebar to advance to the next part would not work for the first few attempts.
6108af4b2826f18b966a2780	No	NA	NA
6108bb33c59f5718fbf341e5	No	NA	NA
6109649dbb35090e6179a6c8	No	NA	N/A
610969a2d61be5c3ba90fa9e	No	NA	NA
61097e0464a4a922602d495b	No	NA	NA
6109f35a1b748c0a8876d117	Yes	NA	NA
610c33fa86d4d9bbc1345e36	No	NA	NA
610d505ad461a3607f6ec804	No	NA	NA
610ef9a5cdec3fa83ceaf938	No	NA	NA
610f7244c65ae4e57858a700	No	NA	NA
61100f998ad8fb773b33df44	No	NA	maybe a countdown in the corner to see how long you have left
61104ccf8fe2a062a7a2e1a1	No	NA	I feel hypnotizes
61108719ddb956bd0e94733d	No	NA	It felt easier to process the information presented when i was using my left hand to press z.
6110a371c00388d587922ff1	No	NA	NA
6110bd9e993f6fa5560b68f5	No	NA	NA
6110c647b9773e91ce1854f4	No	NA	NA
6110cb9fd3ba23cecacc8fc4	No	NA	NA
6110d2e3247a4ddc7c440cc5	No	NA	NA
6110d7f556da416401efdd5f	No	NA	No
611101548d78ab5ec3a9c42e	Not sure (please explain):	It looks similar to the tests I took as a kid when getting diagnosed with ADHD and ASD.	Thank you for letting me take part in your study. Happy Holidays and Happy New Year!
611118b967515e93dcf141f1	No	NA	NA
611121bd6fc323df0d3c7e4f	No	NA	NA
6111234ac8cfa49e38acbfb4	No	NA	N/A
61114b774f9199a8f8f75de2	No	NA	NA
61116b7ba2ada479c60a86e7	No	NA	NA
6111747b20e9e9c8b651b36a	No	NA	NA
6111782b298eff6c31853ea8	No	NA	NA
611184f7c69ca64368ff48d3	No	NA	None
6111940f46b7b06c55140993	No	NA	NA
6111948935bbd6da5045f8f2	No	NA	NA
611195657110219178aa70e1	No	NA	NA
6111b27e123039e968795ea8	No	NA	NA
6111c4865701e1ba367af3e3	No	NA	NA
6111f586fe99b25bb899861a	No	NA	NA
611208e8d4ab54df137ab05a	No	NA	NA
611285de4477f8152efce6e8	Yes	NA	NA
6112b593ca1b683da02678d3	No	NA	NA
6112dba8e2eb90519a46e6cf	No	NA	NA
6112fd23b0250798e11a9dba	No	NA	NA
611325c23a34bedb5feed16b	No	NA	NA
611377497bdc630aedb0c1a7	No	NA	NA
6113ffbf45e79bc2769db74c	No	NA	NA
61188057fe5a395476806c12	No	NA	NA
6119ccaad19b17d52526b724	No	NA	NA
6119eda51949c25f33f63081	No	NA	NA
611b38dea7f1754225fa39bf	No	NA	NA
611bb1fb49fbb5b94a8b5e46	No	NA	NA
611bd6da73757bf5ad0ced0a	No	NA	NA
611d7da2640a2e31818c3e18	No	NA	NA
611f123e92042b11d0b1ef8d	No	NA	NA
6121be9a77c602b1d877d7f0	No	NA	NA
612274842d4805447451f87b	No	NA	NA
6122db5a591eaf8ee07cf3d0	No	NA	NA
6123d27b5481e1189844b7b0	No	NA	NA
61281debe85082cc937dd9ae	No	NA	NA
612ba4bfee20a1ffc86116f9	No	NA	NA
612c365b952c2a5244a9bee6	No	NA	NA
612c6bd26f5f81c5765989d9	No	NA	None.
612c8a2a972e8f6903a32683	No	NA	NA
612d20ea1043719545f90f62	No	NA	NA
612e91f6654fd2227289c863	No	NA	NA
612fcbbd5386d9edb42da147	No	NA	N/A
6131801c70f5f49c3bdf7010	No	NA	No, thanks.
6131ba00bd67d2702e9a3c8d	No	NA	NA
613461a8b9035cf9b29ad84d	No	NA	NA
6134fdf6c0daf2eab128d15b	No	NA	NA
61351c3a1e3e96156bc86116	No	NA	Thanks so much for the fun opportunity!
6137da4ec348d1070e20fd85	No	NA	NA
61383bdc065ccb1d5a65e09a	No	NA	NA
6138de7da0cd911868bd8d03	No	NA	NA
613909e5cf0d18ff1e3162a9	No	NA	NA
6139aed4f23d087290d96200	No	NA	good luck on your research
613e399e5615a34457efcb44	No	NA	NA
613ea8344b072de7f3ccb5dc	No	NA	NA
6146adbeaabe03f64697f9ab	No	NA	NA
6147970dcfd3a1be94292adb	No	NA	have an awesome day!!
614957aca2f21f35ef8f95b6	No	NA	NA
614bbf1e7de43dee7386fe3f	No	NA	NA
614d465852620924f85603c8	No	NA	NA
614d673e3a5fd5cb2b5b6eb7	No	NA	Nope! Thank you:)
614e0825d40616c90ebc1d49	No	NA	NA
614ea93d581d6f4281e9d232	No	NA	NA
614f571879ee135c5a579e08	No	NA	NA
614f6e13b231c559fad456d9	No	NA	NA
61506f90721dcdeca6e77c2d	No	NA	NA
6150af603e26f4482fedf8d9	No	NA	no
615102c62504c240ac52cb00	No	NA	I am diagnoses ADHD and suspected Autistic.
6151e68ec5f6f5f9039ebace	No	NA	that was hard :(
6153226d04ed5dce3aaa9703	No	NA	NA
6154a88b71a7f4347658b0f7	No	NA	NA
6155d24e3306f96464879b38	No	NA	NA
615cee2b2f844e72c397977a	No	NA	NA
615d0be013a41d01a6cace87	No	NA	NA
615dfbb483f8480303655714	No	NA	NA
615e1782e969d4939045c54f	No	NA	NA
6160b0eb22d84b34a1b79b2f	No	NA	NA
61612338ddccab2e68b3e3cc	No	NA	So I took a while to do the first part of the task. I hope it doesn't hurt me, as far as the payout. Thank you, for the study. That was actually pretty cool.
61648bb6ad1eceeee2c056ee	No	NA	NA
61664d58d18ca2325a81008e	No	NA	NA
61676f87dba8a19bc29edf39	No	NA	nice study
6168cbfbad1cc13ba73ade6e	No	NA	NA
616b77ca71a5882a5c40cb2d	No	NA	none
616c9115b3a3d2f885822a57	No	NA	NA
616d0c1b16a0437469b6cd74	No	NA	Good and fun study!
616d9ef881036dfbfd63d2f4	No	NA	NA
616dd3845b2624e9720392fd	No	NA	NA
616edcc90d9facce036066c1	No	NA	NA
616faf3ab8c53e7a73a5dea5	No	NA	NA
6171125c1d572c106f10824e	No	NA	NA
61729e07e7b9b645c1741ca9	No	NA	NA
6172cf92f2ea6613f717abb6	No	NA	NA
61735608ee920694a20e13c1	No	NA	NA
61741ba984f258d5c6a1303c	No	NA	N/A
61f2ab70a09e72f23cbaf3b0	No	NA	NA
61f2abd7a09e72f23cbaf4b8	No	NA	NA
61f2ad10a09e72f23cbaf7aa	No	NA	Pretty boring and low pay
61fa92f15719bc09cb834b86	No	NA	NA
620bdf2aa922fc3f247f706b	No	NA	NA
62349b2406ea604d296bd69d	No	NA	NA
6234b7dcc6c6e13d5121ad28	No	NA	NA
62354223d36eda662355a9c0	No	NA	NA
62713a003caa3feec5c6a0ba	No	NA	NA
627161ec9a2c16ab6496e364	No	NA	In sports like baseball or hockey, or when using yard tools I much prefer to use my left hand.
6272abac31a465b0f22fb7c1	No	NA	NA
6273e74790a5c7b39756a5bc	No	NA	NA
62740a242f1f9493b90e351c	No	NA	NA
62769797db0ff6f93df21cda	No	NA	I say instead of using the Z and / keys on your computer you should to the left and right arrow keys on the right side of keyboard.also if the square or circle either being the big square and circle or the little ones you hit the left key and if its on the right you click the right arrow key.it would show you guys  the people taking the survey are paying attention to the location of the key.
62791d7b7adc22ef67493e92	No	NA	NA
627a7fc214142c6f228e84fb	No	NA	NA
627e7b6d33e1df14160c05ba	No	NA	That was really, really interesting. I don't know why, but using my right hand to press the keys made things significantly easier.
6282566b46de7431f04213f6	No	NA	NA
628510a698e9e63b21ef9139	No	NA	NA
62851102d56842a48361f9d4	No	NA	NA
62853fe01fa0d21c4daacfcb	Not sure (please explain):	I've done a lot of random tasks where I have to press a button quickly in response to something and it's hard to remember them all, and honestly I just couldn't rule out having done this particular type of task with the big and the little shapes before, but I also couldn't necessarily say that I have done it before either, but I just don't really know.	My left arm might have been a little bit tired at the start of the task since I tend to lean on it a little bit when I use a computer, but I did try to make sure it was at rest the same as my right arm was when I did the task.
6285706b066c6502c413e9a3	No	NA	NA
6285892c0fc742d49a255328	No	NA	It was fun :)
62865e3456c142785cfad2a7	No	NA	Thank you for the study, I answered honestly and to the best of my abilities. I took my time to reread to fully understand, sorry.
62882d192f1a8543caf578f1	No	NA	none
628b960bf8e22707d11f5b8e	No	NA	NA
628de7e8ff1744a9717d7883	No	NA	NA
628dec55823f672331c68577	No	NA	NA
628f0d7e3055b5d1887916c5	No	NA	NA
628fa9e1afc3de7797cb6e2f	No	NA	NA
628fb69f72e574bb9a8c1a47	No	NA	NA
628fde22d960fa7a63fb231d	No	NA	N/A
629082739390703f993b12bd	No	NA	NA
6290d05992a97c47797f9de3	No	NA	NA
6290ebb13a126c60c9cb7d11	No	NA	NA
62911ef14fd68295d60ba83b	No	NA	NA
6294fce0aa6f8d12e0a7cd1e	No	NA	NA
62961c550afbc1e11a77a4f4	No	NA	NA
6296849bbd45e6accf130f07	No	NA	NA
62973114ce4ca6a85a0ec486	No	NA	My reaction times aren't great, if that affects anything in the results I apologize ahead of time
629753864174e42d30576cf8	No	NA	NA
62977ce96efd80b585b2d75d	No	NA	NA
6297b5dba0b83527c9907832	No	NA	NA
6297b99e37f753575e61e7ac	No	NA	NA
6298dd311a003b986813851b	No	NA	NA
6298df7da7b45df1b730d3aa	No	NA	NA
629a7466cebc9523d66d4d8e	No	NA	NA
629e112d75f3665c8362ab6f	No	NA	NA
629e241d171ec6698e05f149	No	NA	NA
629e633c82ed7bd84fce0f9a	No	NA	NA
629f600f0e7c09ec275bfdc2	No	NA	NA
62a0b34cbcc5987a8fa73c39	No	NA	NA
62a33f5217536a32157d874e	No	NA	NA
62a71eebc15351df4bddd9f8	No	NA	NA
62a885d5b6af18b3d4579e1b	No	NA	NA
62aa26592478d039ddeaaa4c	No	NA	I bat and golf with my left hand, I was supposed to be left handed but my parents forced me to be right handed in almost everything.
62ac76db32757a0dbb1c59f0	No	NA	NA
62adef58d6f991bb5660e772	No	NA	NA
62b055b8af4eda974466ad0d	No	NA	NA
62b083f9ca87faa7a75c0235	No	NA	no
62b0a213241d25b7185f43a4	No	NA	NA
62b0ef77e3519ee19788db34	No	NA	NA
62b17a23f40c54a776801476	No	NA	none
62b45d115e44957543b4cabc	No	NA	NA
62b5e4c15384ba7ca013ab55	No	NA	No
62b66baae6f816e592f14a8a	No	NA	NA
62b9b95e108fbc4df78a2956	No	NA	NA
62b9cf42a63194f71fc0a393	No	NA	NA
62bb23c919ebfd3b0448e942	No	NA	NA
62c3430ae19d78462af9e743	No	NA	NA
62c380e9448cd52e7657a658	No	NA	NA
62c396eed1893e06fdad4574	No	NA	NA
62cc5f39bcfc093f815cf30a	No	NA	No
62cd8af88ff531583cbd24a9	No	NA	NA
62d09418cbdaeabefbbf9893	No	NA	Fun game. I think my right side won.
62d6e24cf74647ef51a16300	No	NA	NA
62d8e75cba698660a22802c7	No	NA	NA
62d9d8b444e16335d513c6e1	No	NA	NA
62da4563028fbcadf46412bc	No	NA	NA
62dc07a7fbbd3d089b7135af	No	NA	NA
62dc761564191bc28a87e7c7	No	NA	NA
62dd2f0668b37a65531fae67	No	NA	I am dyslexic.
62df4f5f6812864868e9ea66	No	NA	NA
62dfdd3c61b792d28de9d0e3	No	NA	NA
62e02537aeee3cf7f450869e	No	NA	NA
62e02c0c79f1992f7095ec7f	No	NA	NA
62e0314e341f3717a3c2e1f5	No	NA	NA
62e0c93d54972f434349eda3	No	NA	NA
62e199458482518274623771	No	NA	Nope, everything ran fine on my end.
62e29cbc8c0f3271aae4d7bf	No	NA	NA
62e2d5c238c450c3579dfa91	No	NA	NA
62e7f9fec0521e596587319d	No	NA	NA
62ea3271cc6c19525f896495	No	NA	When I scrolled to see if there was any more before the first test it wouldn't let me progress and I had to restart.
62ec219e5f3634408fb35580	No	NA	No
62ec3412706175ea98e11fba	No	NA	NA
62ecae2ce56ea262113d808d	No	NA	NA
62ecb2993d7ecd89154af5d4	No	NA	NA
62eee9fbde439d5853ce2efb	No	NA	NA
62ef8372cd41d2893d237b6b	No	NA	NA
62f20c2e4032c85e3fe9c2cc	No	NA	NA
62f2b06c1e8c190434d92f3f	No	NA	No, nothing further. But, I did enjoy it.
62f41a3f40490ce7273873ec	No	NA	N/A
62f58a7129fb13cf46a08ae0	No	NA	NA
62f7899403f442ec3cbb6bae	No	NA	I got ahead of myself a couple of times and pressed Z when I didn't mean to.
62f8b410d6f862caef45f2ff	No	NA	NA
62f960a20429e619fce9eea3	No	NA	NA
62f975cbc3507ecf77180d00	No	NA	NA
62f9fbc07e4fc1bfe47070e5	No	NA	n/a
62fb9a3f8da41fb2b6d28121	No	NA	This was absolutely irritating. I wear glasses though, so I already have shitty sight. I know for sure I got at least 5 wrong with my left hand.
63026053812fe400f2929701	No	NA	NA
630345dd92f26599c777a5fc	No	NA	I'm going crosseyed
6303fb5b692c378ba1d010f9	No	NA	NA
630505b4104867e588c31100	No	NA	no
6306f070d4f94e56cb544400	No	NA	NA
6307a60f9142d2c42021840d	No	NA	NA
630ab689392291ba70d7fd3d	No	NA	NA
630c1ad62af2905fb5bb3d1d	No	NA	This was neat.
630d42ab004b0f34fcf4b52e	No	NA	NA
630dd0429f7ec338d28e2de1	No	NA	NA
630fb097c91b9a052c7383c5	No	NA	Keep up the great work, and fuck Trump
63106ea4e8fe9c6cd32bf358	No	NA	NA
6310b35d758f80e9cf3f4e41	No	NA	I'm mixed handed, I use right hand for most """"daily"""" tasks ie writing, cutting, etc (although I can switch with cutting/using utensils) and my left hands for more sporty things, holding a bat, playing hockey, volleyball, tennis etc.
6310dbdfda69599720736665	No	NA	NA
6312b088bb7ef4cefa732314	No	NA	NA
6312b74506b97d0cc09be3f2	No	NA	NA
6312bdcf64c0abf681b89dd5	No	NA	NA
6314395ce933c9b91e9be41a	No	NA	NA
63162e1bbde3c4bb1d9d92a3	No	NA	NA
6316b12e5c1b744ade5703e1	No	NA	NA
63178a6f2213dd2fe9ef8500	No	NA	NA
631797089a0a1ee579573eb9	No	NA	NA
63180ae1ae5d3ee3257d1e9e	No	NA	No, it was very interesting and well-explained, thanks.
631a1f357c56acbb68d5dc14	No	NA	NA
631a671f6dce7ca99b95bc65	No	NA	NA
631a68ee10ec68377cb03457	No	NA	NA
631b4046bdc5a163accc0c01	No	NA	NA
631b593a9bb21bb86ea260a7	No	NA	NA
631b66847990076d05887914	No	NA	NA
631bb11a022ba038ef69e7b1	No	NA	I've been diagnosed with autism. I'm just adding that because as a developmental disorder, it can have all kinds of weird effects!
631bcfaa7faf35d3abb91cbc	No	NA	NA
631c790a9061cd8137fd215b	No	NA	NA
631db394e0e9e27b3d1dbcb7	No	NA	NA
631e3ba1714b8e7f8fe9338d	No	NA	NA
631f626c1a2be3cc3d2069d8	No	NA	NA
631fc3e54c3c0515402fdd17	No	NA	NA
63211a687695b2182a38207f	No	NA	straightforward
63222da004d65dff83fd1de4	No	NA	NA
63235c5bf70d8e4f79b205cd	No	NA	NA
6323781f75962af097c34b5e	No	NA	NA
6323a90c380df6eb64255d6f	No	NA	NA
632436c12617a96bb55a2ca8	No	NA	NA
63287f5ea8e0224fe5713a99	No	NA	NA
632f7d0761bce49001d13953	No	NA	NA
6330aa1c7f5f79e3707b7ea6	No	NA	NA
6330e50102d0e9d363d139b2	No	NA	My left hand felt more intuitive, although it may have been the fact that is was the second round and i had gotten use to the experiment by then. I am left handed for writing but say my right hand gets used for pretty much everything else.
6330f30b973410dadd20eb64	No	NA	NA
6333813956b0fd924b64a4d0	No	NA	NA
6335d094ca5827c5d63b143f	No	NA	NA
63364a0b05a5637e0d804173	No	NA	NA
6337b9604370dd57643b81a0	No	NA	NA
6339759d40c0cfec41fac4cb	No	NA	N/A
633b59423091867d3a41f0f5	No	NA	NA
633d9eb9721ed1d1b6df11af	Yes	Owen	NA
633dc8e5addedfeac9a74b22	No	NA	small squares were the trickiest to spot.
633f2cfe0245c5a667fb5b24	No	NA	NA
6340b7955ab968e4426eb476	No	NA	NA
6340d2fa46f2d707e146b63b	No	NA	NA
634694a1401b066cb71e4c82	No	NA	NA
63469e0a9552017beb3cfb82	No	NA	NA
6346dbb7ecb073d075e68282	No	NA	NA
634811ed1f5bcbea7adcaf69	No	NA	NA
6348295691ff6d632a509172	No	NA	NA
6348845d31edff3dff1b7799	No	NA	NA
634ef87aec0966557c825573	No	NA	N/A
6350714b7f29a002b46db87a	No	NA	NA
6352b3c968388ef86f3556db	No	NA	n/a
635407b0f2c5045f78bd9326	No	NA	NA
6355a48fb367b431249c045e	No	NA	I really enjoyed doing this. I play a lot of puzzle games on the internet so I took this as another game but of course, when I play games, I try to be number one or the highest on the score board, ha ha! This was REALLY fun!!
636147ff2f921de691b08404	No	NA	NA
636148217a1f9023ebbd13a0	No	NA	NA
63614ad9841a7d16ad04512a	No	NA	NA
63615e9372b4e1caf8f9585b	No	NA	NA
636162be3bacd9edefc8d894	No	NA	Interactive study, shows ambidextrious prowess.
63616c4bc6ecb76a9f0a5f21	No	NA	this was a fun experiment. I enjoyed testing my reaction time. it would be interesting to know which hand I did better with.
6362406ab7caf5fc96bb61c8	No	NA	NA
63657781c04fe648496b9bab	No	NA	Thank you for the opportunity to press buttons for science!
636577d277247b6a9c0dc54c	No	NA	NA
6365b9324ce52c4f38eed7a0	No	NA	NA
6369dd3bd6a643dc7b42ce62	No	NA	NA
6369dde997d20e154ecb11a9	No	NA	Thank you for the study was an interesting challenge
636bd30e14a5a0787697f56b	No	NA	that was fun and very interesting
637e2bd24d13fb0cec625f66	No	NA	NA
637eb25c87f98741f9619017	No	NA	NA
637f6bafe24842778822e9f8	No	NA	NA
638e39edc03272bc8071cbb6	No	NA	NA
